{
  "final_equity_eur": 122836.2937145698,
  "start_equity_eur": 100000.0,
  "return": 0.2283629371456979,
  "num_orders": 1094,
  "num_fills": 1094
}