{
  "final_equity_eur": 106778.1307202959,
  "start_equity_eur": 99995.541072104,
  "return": 0.06782892092459569,
  "num_orders": 41,
  "num_fills": 41
}