{
  "final_equity_eur": 106997.5977023736,
  "start_equity_eur": 99995.541072104,
  "return": 0.0700236886084813,
  "num_orders": 5,
  "num_fills": 5
}