{
  "final_equity_eur": 5017886.840109846,
  "start_equity_eur": 99995.541072104,
  "return": 49.18110594042976,
  "num_orders": 752,
  "num_fills": 752
}