{
  "final_equity_eur": 107015.0459568915,
  "start_equity_eur": 99995.541072104,
  "return": 0.070198178934058,
  "num_orders": 1,
  "num_fills": 1
}