{
  "final_equity_eur": 203375.1545040613,
  "start_equity_eur": 100000.0,
  "return": 1.0337515450406132,
  "num_orders": 3315,
  "num_fills": 3315
}