{
  "final_equity_eur": 49622.0280249818,
  "start_equity_eur": 99962.415435011,
  "return": -0.5035931473940545,
  "num_orders": 243,
  "num_fills": 243
}