{
  "final_equity_eur": 139417.2330313082,
  "start_equity_eur": 100000.0,
  "return": 0.39417233031308196,
  "num_orders": 1003,
  "num_fills": 1003
}